performance_id|piece_1_feedback|piece_2_feedback
ABNjjnRY|['sensitive/positive', 'voicing/positive', 'balance/positive', 'pedalling/positive', 'dynamics/negative']|['jaunty/positive', 'pulse/negative', 'differentiation/positive', 'character/positive', 'poise/negative']
AKdyEpzx|['conviction/positive', 'steadiness/positive', 'unevenness/negative', 'missteps/negative', 'crispness/positive']|['reflective/positive', 'rubato/positive', 'slips/negative', 'hesitations/negative', 'continuity/negative']
ANGZVzLJ|['cohesive/positive', 'understated/negative', 'bold/positive', 'confident/positive', 'effective/positive']|['energetic/positive', 'bright/positive', 'inconsistent/negative', 'expressive/positive', 'poised/positive']
AXQjlaMm|['lively/positive', 'bright/positive', 'momentum/positive', 'muffled/negative', 'loose/negative']|['steady/positive', 'reserved/negative', 'understated/negative', 'unshaped/negative', 'focused/positive']
AlpvMldm|['legato/positive', 'fluidity/positive', 'hurried/negative', 'poise/negative', 'phrasing/negative']|['secure/positive', 'grounded/positive', 'fragmented/negative', 'ambience/positive', 'insight/negative']
AnnZZROw|['rubato/positive', 'fluency/negative', 'articulation/positive', 'accuracy/positive', 'confidence/positive']|['clarity/positive', 'control/positive', 'blemish/negative', 'defined/positive', 'managed/positive']
AoLzrpke|['vibrant/positive', 'articulation/positive', 'buoyant/positive', 'blemishes/negative', 'inaccuracy/negative']|['dynamic/positive', 'projection/positive', 'delicate/positive', 'inconsistency/negative', 'intonation/negative']
AwVaKBPW|['grounded/positive', 'articulation/positive', 'uneven/negative', 'imbalanced/negative', 'assertive/positive']|['evocative/positive', 'delicate/positive', 'florid/positive', 'irregular/negative', 'stylish/positive']
AynZVRKK|['warm/positive', 'expressive/positive', 'fluent/positive', 'overshadowed/negative', 'blurred/negative']|['crisp/positive', 'energetic/positive', 'blemishes/negative', 'untidy/negative', 'reliable/positive']
BEzAjZQr|['expressive/positive', 'confident/positive', 'delicate/positive', 'over-dominated/negative', 'inconsistent/negative']|['contrasting/positive', 'sustained/positive', 'strong/positive', 'erratic/negative', 'paced/positive']
BJxOeYDD|['flamboyance/positive', 'lively/positive', 'fluent/positive', 'brightness/positive', 'slips/negative']|['vibrant/positive', 'dynamic/positive', 'bright/positive', 'phrasing/negative', 'rushing/negative']
BKdJlEmO|['pulse/positive', 'articulation/positive', 'playfulness/negative', 'contrast/negative', 'flow/positive']|['bounce/positive', 'rigid/negative', 'variation/negative', 'humour/negative', 'vigour/positive']
BZAQwvKZ|['expressive/positive', 'rubato/positive', 'reserved/negative', 'blurring/negative', 'balanced/positive']|['vivacity/positive', 'dynamics/positive', 'enthusiasm/positive', 'inconsistency/negative', 'voicing/negative']
BZgQrmAd|['bold/positive', 'presence/positive', 'depth/positive', 'voicing/negative', 'detailing/positive']|['gentle/positive', 'warmth/positive', 'projection/positive', 'strident/negative', 'mistuned/negative']
BZkZoxKl|['pleasing/positive', 'legato/negative', 'projection/positive', 'contouring/positive', 'colour/positive']|['engaging/positive', 'subtle/positive', 'projection/positive', 'warmth/positive', 'restrained/positive']
BdmjLXKg|['brilliant/positive', 'agile/positive', 'expressive/positive', 'authoritative/positive', 'balanced/positive']|['swift/positive', 'virtuosic/positive', 'precise/positive', 'colorful/positive', 'rousing/positive']
BlQReZXd|['well-timed/positive', 'crisp/positive', 'sparkle/positive', 'evenness/positive', 'subtler/negative']|['cheerful/positive', 'accurate/positive', 'coordinated/positive', 'consistent/positive', 'lacked-lightness/negative']
BmrPygXx|['clarity/positive', 'paced/positive', 'flexibility/negative', 'balance/negative', 'secure/positive']|['sensitive/positive', 'control/positive', 'variety/negative', 'tone/positive', 'poise/positive']
BpgXQmwO|['buoyant/positive', 'robust/positive', 'confident/positive', 'energised/positive', 'slower/negative']|['controlled/positive', 'nuanced/positive', 'poised/positive', 'understated/negative', 'expressive/positive']
BxzWPMGW|['propulsive/positive', 'fluent/positive', 'blurred/negative', 'assured/positive', 'energetic/positive']|['bright/positive', 'sparkling/positive', 'poised/positive', 'muffled/negative', 'unfocused/negative']
DLpoPbeM|['lilting/positive', 'reflective/positive', 'efficient/positive', 'improvement-needed/negative', 'consistent/positive']|['energetic/positive', 'relaxed/positive', 'unrestrained/negative', 'diligent/positive', 'rhythmic/positive']
DOkyZwKO|['sturdy/positive', 'rhythmic/positive', 'accurate/positive', 'characterful/positive', 'limited/negative']|['weighty/positive', 'well-grounded/positive', 'descriptive/positive', 'precise/positive', 'rigid/negative']
DXJAplrA|['articulation/positive', 'neat/positive', 'restrained/negative', 'contrast/positive', 'resolute/positive']|['shaping/positive', 'mistimed/negative', 'tempo/negative', 'clarity/positive', 'cohesive/positive']
DZaJOyGr|['engergised/positive', 'vibrant/positive', 'cohesive/positive', 'imprecise/negative', 'monochrome/negative']|['fluid/positive', 'reflective/positive', 'sustained/positive', 'uneven/negative', 'rushed/negative']
DkYJamjG|['assured/positive', 'clear/positive', 'secure/positive', 'poised/positive', 'expressive/positive']|['steady/positive', 'atmospheric/positive', 'hushed/negative', 'confident/positive', 'expressive/positive']
DnaRnKjn|['lively/positive', 'assured/positive', 'clarity/positive', 'conviction/positive', 'slip/negative']|['bold/negative', 'fluency/positive', 'memory/positive', 'narrative/positive', 'pedalling/positive']
DxZjRmOE|['lilt/positive', 'elegant/positive', 'pulse/positive', 'secure/positive', 'contrast/negative']|['firm/positive', 'brisk/positive', 'balanced/positive', 'lively/positive', 'assured/positive']
EAVMBedo|['energetic/positive', 'playful/positive', 'sparkling/positive', 'spontaneous/positive', 'smudged/negative']|['measured/positive', 'unfettered/positive', 'expressive/positive', 'authoritative/positive', 'communicative/positive']
EDLqDNVD|['delicate/positive', 'accurate/positive', 'consistent/positive', 'underdeveloped/negative', 'narrow/negative']|['lilt/positive', 'smooth/positive', 'grace/positive', 'limited/negative', 'accuracy/positive']
EGGOMwJa|['energetic/positive', 'imaginative/positive', 'agile/positive', 'colourful/positive', 'conclusive/positive']|['expressive/positive', 'luxurious/positive', 'balanced/positive', 'spacious/positive', 'smudge/negative']
EJaJLlQV|['legato/positive', 'fluent/positive', 'uneven/negative', 'catching/negative', 'assured/positive']|['colourful/positive', 'effective/positive', 'underdeveloped/negative', 'caught/negative', 'balanced/positive']
EQYwKrXv|['bold/positive', 'cohesive/positive', 'controlled/positive', 'tight/negative', 'confident/positive']|['calm/positive', 'balanced/positive', 'crisp/positive', 'secure/positive', 'expressive/positive']
EQvQrORB|['confident/positive', 'robust/positive', 'assured/positive', 'understated/negative', 'unpoised/negative']|['clear/positive', 'fluent/positive', 'legato/positive', 'pedaling/positive', 'incomplete/negative']
EVodkXkN|['delicate/positive', 'inconsistency/negative', 'clarity/positive', 'nuance/positive', 'poise/positive']|['lively/positive', 'rhythmic/positive', 'detail/positive', 'imbalance/EdXEMzXj', 'energetic/positive']
EjxWgXJw|['uneven/negative', 'heavy/negative', 'buoyant/positive', 'bright/positive', 'energetic/positive']|['one-coloured/negative', 'unsteady/negative', 'inconsistent/negative', 'energetic/positive', 'clarity/positive']
EvmrKXqv|['nuanced/positive', 'poised/positive', 'fluid/positive', 'expressive/positive', 'clarity/negative']|['crisp/positive', 'playful/positive', 'incisive/positive', 'committed/positive', 'idiomatic/positive']
GElyNWnV|['elegant/positive', 'cantabile/positive', 'nuanced/positive', 'flat/negative', 'underexpressive/negative']|['playful/positive', 'bright/positive', 'confident/positive', 'focused/positive', 'poetic/positive']
GNgQeMXb|['bright/positive', 'assured/positive', 'confident/positive', 'fluid/positive', 'inconsistent/negative']|['bold/positive', 'determined/positive', 'momentum/positive', 'uneven/negative', 'fluid/positive']
GQDAAGxx|['crisp/positive', 'precise/positive', 'even/positive', 'blemishes/negative', 'inconsistent/negative']|['delicate/positive', 'controlled/positive', 'poised/positive', 'blurring/negative', 'slips/negative']
GVjqPKEW|['steady/positive', 'flowing/positive', 'precise/positive', 'shaping/positive', 'improvable/negative']|['crisp/positive', 'appropriate/positive', 'hurrying/negative', 'dynamics/positive', 'inconsistent/negative']
GWyOPjrV|['graceful/positive', 'projected/positive', 'inconsistent/negative', 'ornamentation/negative', 'legato/negative']|['reliable/positive', 'confident/positive', 'blemishes/negative', 'inaccurate/negative', 'fluent/positive']
GXYNoypr|['crisp/positive', 'cohesive/positive', 'articulate/positive', 'vibrant/positive', 'tighter/negative']|['soft/positive', 'expressive/positive', 'pedal-controlled/positive', 'clipped/negative', 'inconsistent/negative']
GXggDkKV|['flowing/positive', 'momentum/positive', 'dialogue/positive', 'pedalling/positive', 'phrasing/negative']|['ambitious/positive', 'breathless/negative', 'disorganised/negative', 'determined/positive', 'poised/positive']
GbDYQNWE|['stylish/positive', 'poised/positive', 'nuanced/positive', 'untidy/negative', 'secure/positive']|['jaunty/positive', 'detached/positive', 'lyrical/negative', 'assured/positive', 'articulation/positive']
GexazVyR|['secure/positive', 'precise/positive', 'legato/negative', 'contrasts/negative', 'flowing/positive']|['confident/positive', 'accurate/positive', 'octave-shift/negative', 'contrasts/negative', 'engaging/positive']
GkYWKRYE|['sprightly/positive', 'energetic/positive', 'crisp/positive', 'assured/positive', 'inadequate/negative']|['well-projected/positive', 'reliable/positive', 'gentle/positive', 'lacking/negative', 'sensitively/positive']
Gpjdzzya|['articulation/positive', 'pulse/positive', 'contrast/negative', 'phrasing/negative', 'variety/positive']|['delicate/positive', 'colours/positive', 'pedal/positive', 'focus/negative', 'dynamics/positive']
GvPQMAdo|['stylistic/positive', 'steady/positive', 'slips/negative', 'phrasing/positive', 'neat/positive']|['gentle/positive', 'soft/positive', 'imprecision/negative', 'flowing/positive', 'pedal/positive']
JKKQPBpz|['balanced/positive', 'apt/positive', 'underdeveloped/negative', 'colorful/positive', 'unstable/negative']|['energetic/positive', 'slowed/negative', 'imprecise/negative', 'accurate/positive', 'unfocused/negative']
JMlVYLnw|['elegance/positive', 'vitality/positive', 'rubato/negative', 'deviations/negative', 'phrasing/positive']|['spirit/positive', 'sparkle/positive', 'imprecisions/negative', 'articulation/negative', 'flamboyance/positive']
JNReQRgw|['crisp/positive', 'projected/positive', 'stylish/positive', 'uneasy/negative', 'impeded/negative']|['lyrical/positive', 'balanced/positive', 'dynamic/positive', 'instability/negative', 'continuity/positive']
JNdWqNBG|['expressive/positive', 'melodic/positive', 'uneven/negative', 'dramatic/positive', 'pitchy/negative']|['energetic/positive', 'ambitious/positive', 'unsteady/negative', 'coherent/positive', 'poised/positive']
JVolEnwg|['lively/positive', 'crisp/positive', 'uneven/negative', 'understated/negative', 'dance-like/positive']|['apt/positive', 'steady/positive', 'uncoordinated/negative', 'understated/negative', 'confident/positive']
JZkKVWDy|['expressive/positive', 'defined/positive', 'accurate/positive', 'confident/positive', 'overbearing/negative']|['fluent/positive', 'precise/positive', 'controlled/positive', 'engaged/positive', 'blurring/negative']
JaMAvxWM|['accurate/positive', 'dynamic/positive', 'sparkling/positive', 'incohesive/negative', 'overbold/negative']|['unconvincing/negative', 'incohesive/negative', 'accurate/positive', 'expressive/positive', 'unbalanced/negative']
JgLaEEbR|['confident/positive', 'reliable/positive', 'articulated/positive', 'unsteady/negative', 'untidy/negative']|['poised/positive', 'shaped/positive', 'flexible/positive', 'unsettled/negative', 'overshadowed/negative']
JoPvwryb|['flow/positive', 'gentle/positive', 'reflective/positive', 'bumpiness/negative', 'slips/negative']|['lively/positive', 'vibrant/positive', 'uncertainty/negative', 'inaccuracy/negative', 'buoyant/positive']
JooEbxWe|['smooth/positive', 'balanced/positive', 'clear/positive', 'secure/positive', 'underexpressed/negative']|['flow/positive', 'robust/positive', 'poise/positive', 'controlled/positive', 'expressive/negative']
JrWqOoYx|['well-paced/positive', 'fluent/positive', 'projection/negative', 'consistency/negative', 'colourful/positive']|['poised/positive', 'fluent/positive', 'projection/negative', 'sincere/positive', 'confident/positive']
JwJDLvWL|['accurate/positive', 'inconsistent/negative', 'cautious/negative', 'fluent/positive', 'dance-like/positive']|['brisk/positive', 'secure/positive', 'imprecise/negative', 'understated/negative', 'controlled/positive']
Jzzkpboj|['confident/positive', 'clear/positive', 'unrhythmic/negative', 'untidy/negative', 'assured/positive']|['characterful/positive', 'bright/positive', 'unsteady/negative', 'hurried/negative', 'precise/positive']
KElXlakb|['sincere/positive', 'mysterious/positive', 'rhythmic/positive', 'lyrical/positive', 'improvable/negative']|['sustained/positive', 'precise/positive', 'irregular/negative', 'textural/positive', 'assured/positive']
KJwZOJjZ|['bright/positive', 'articulated/positive', 'blemishes/negative', 'inconsistencies/negative', 'defined/positive']|['projection/positive', 'flexible/positive', 'inconsistent/negative', 'blurring/negative', 'assured/positive']
KMElDLNL|['bold/positive', 'coordinated/positive', 'balanced/positive', 'accurate/positive', 'limited/negative']|['mysterious/positive', 'controlled/positive', 'underdeveloped/negative', 'vivid/positive', 'persuasive/positive']
KRBZbvBZ|['vibrancy/positive', 'articulation/positive', 'dexterity/positive', 'sparkle/positive', 'rushing/negative']|['impetus/positive', 'evenness/positive', 'dynamics/positive', 'slip/negative', 'character/positive']
KWwokJNK|['bright/positive', 'rhythmic/positive', 'articulation/positive', 'uneven/negative', 'coordination/negative']|['sincerity/positive', 'expressive/positive', 'warmth/positive', 'unevenness/negative', 'clarity/negative']
KZOdLGna|['flowing/positive', 'warm/positive', 'balanced/positive', 'expressive/positive', 'accurate/positive']|['pulse/positive', 'control/posiKZVbEEnb', 'reflective/positive']
KaAbrRzE|['warmth/positive', 'balanced/positive', 'understated/negative', 'secure/positive', 'controlled/positive']|['crisp/positive', 'balanced/positive', 'vivid/positive', 'swing/positive', 'engaging/positive']
KrLQegkq|['articulate/positive', 'lively/positive', 'uneven/negative', 'nuanced/positive', 'colourful/positive']|['expressive/positive', 'sentimental/positive', 'excessive/negative', 'warmth/positive', 'flow/positive']
KxbqDZWq|['colourful/positive', 'elegant/positive', 'clear/positive', 'balanced/positive', 'imprecise/negative']|['warmth/positive', 'legato/positive', 'control/positive', 'unclear/negative', 'inconsistent/negative']
KzAkADyO|['bright/positive', 'buoyant/positive', 'accurate/positive', 'consistent/positive', 'limited/negative']|['broody/negative', 'lyrical/positive', 'nuanced/positive', 'varied/positive', 'focused/positive']
LBXxZdQR|['Rhythmic/positive', 'Accurate/positive', 'Coordinated/positive', 'Secure/positive', 'Confident/positive']|['Fluid/positive', 'Expressive/positive', 'Controlled/positive', 'Sentimental/positive', 'Precise/positive']
LOWaxdpk|['confident/positive', 'fluid/positive', 'bold/positive', 'unstable/negative', 'ungainly/negative']|['controlled/positive', 'lively/positive', 'energetic/positive', 'engaging/positive', 'unclear/negative']
LRVgLOwp|['soft/positive', 'elegant/positive', 'blurred/negative', 'imprecise/negative', 'nuanced/positive']|['atmospheric/positive', 'pinpointed/positive', 'unclear/negative', 'spacious/positive', 'imaginative/positive']
LXNdpXlO|['focused/positive', 'secure/positive', 'bold/positive', 'convincing/positive', 'fluctuating/negative']|['buoyant/positive', 'compelling/positive', 'balanced/positive', 'lyrical/positive', 'stumbles/negative']
LaQMNNwl|['flow/positive', 'warmth/positive', 'projection/positive', 'expressive/positive', 'energy/positive']|['serenity/positive', 'shaping/positive', 'variation/positive', 'inconsistent/negative', 'presentation/positive']
LaqdOGbn|['flowing/positive', 'clear/positive', 'distracting/negative', 'arc/positive', 'unclear/negative']|['expressive/positive', 'balanced/positive', 'uncertain/negative', 'convincing/positive', 'stylish/positive']
LdloqzRj|['dramatic/positive', 'refined/positive', 'clear/positive', 'blurs/negative', 'unevenness/negative']|['vivid/positive', 'flamboyant/positive', 'unclear/negative', 'blemishes/negative', 'momentum/positive']
Leojqxqb|['precise/positive', 'well-defined/positive', 'nuanced/positive', 'accurate/positive', 'controlled/positive']|['expressive/positive', 'rubato/positive', 'warm/positive', 'lyrical/positive', 'uneven/negative']
LkeQJOkK|['assured/positive', 'bright/positive', 'rushed/negative', 'untidy/negative', 'convincing/positive']|['expressive/positive', 'legato/positive', 'reliable/positive', 'imbalanced/negative', 'unclear/negative']
LmzMelOw|['lively/positive', 'untidy/negative', 'skip/positive', 'incomplete/negative', 'dynamic/positive']|['precise/positive', 'clean/positive', 'varied/positive', 'understated/negative', 'buoyant/positive']
LnwbNOAW|['bright/positive', 'flowing/positive', 'precise/positive', 'heavy/negative', 'reliable/positive']|['lyrical/positive', 'fluid/positive', 'misaligned/negative', 'projection/negative', 'atmospheric/positive']
LpBbrgjJ|['balanced/positive', 'confident/positive', 'articulate/positive', 'secure/positive', 'dynamic/positive']|['controlled/positive', 'smooth/positive', 'expressive/negative', 'sustained/negative', 'momentum/positive']
MLblkNYp|['decisive/positive', 'warm/positive', 'projection/positive', 'unevenness/negative', 'reliable/positive']|['incisive/positive', 'intensity/positive', 'involvement/positive', 'unsteady/negative', 'assurance/positive']
MNmXrOoa|['confident/positive', 'rhythmic/positive', 'coordinated/positive', 'hesitancy/negative', 'lightness/positive']|['flowing/positive', 'assured/positive', 'overshadowing/negative', 'unbalanced/negative', 'lyrical/positive']
MPYkrQrk|['fluent/positive', 'even/positive', 'articulate/positive', 'rushed/negative', 'blemishes/negative']|['projection/positive', 'bright/positive', 'confident/positive', 'rushed/negative', 'compromised/negative']
MQQnaVYb|['assertive/positive', 'flow/positive', 'cautious/negative', 'fluctuations/negative', 'accurate/positive']|['sensitive/positive', 'angular/negative', 'clarity/positive', 'errors/negative', 'focus/positive']
EdXEMzXj|['energetic/positive', 'playful/positive', 'challenging/negative', 'sparkling/positive', 'errors/negative']|['determined/positive', 'reserved/negative', 'uneven/negative', 'crisp/positive', 'resilient/positive']
KZVbEEnb|['reflective/positive', 'judicious/positive', 'expressive/positive', 'pedalling/negative', 'shading/negative']|['playful/positive', 'articulation/positive', 'synchronised/positive', 'uncontrolled/negative', 'enjoyment/positive']
MVjWBXrg|['bright/positive', 'coordinated/positive', 'energised/positive', 'rushed/negative', 'intonation/positive']|['fluent/positive', 'shaped/positive', 'balanced/positive', 'ambitious/positive', 'projected/positive']
MdWZVjnl|['crisp/positive', 'decisive/positive', 'jazzy/positive', 'accurate/positive', 'pulse/negative']|['infectious/positive', 'coordination/positive', 'pedal/positive', 'convincing/positive', 'subtleties/negative']
MeNwkyGe|['well-judged/positive', 'sustained/positive', 'dynamic/positive', 'monotone/negative', 'confident/positive']|['determined/positive', 'bold/positive', 'controlled/positive', 'inconsistent/negative', 'characterful/positive']
MlRQbALE|['light/positive', 'defined/positive', 'bright/positive', 'flowing/positive', 'legato/positive']|['coordinated/positive', 'expressive/positive', 'nuanced/positive', 'outstanding/positive', 'flawless/positive']
NBAznpqY|['buoyant/positive', 'lively/positive', 'colourful/positive', 'characterful/positive', 'smudged/negative']|['energetic/positive', 'crisp/positive', 'vibrant/positive', 'rhythmic/positive', 'cool/negative']
NDawkgAl|['nuanced/positive', 'clarity/positive', 'expressive/positive', 'waning/negative', 'insufficient/negative']|['lively/positive', 'dynamic/positive', 'restrained/negative', 'uneven/negative', 'buoyant/positive']
NRrbDxBR|['legato/positive', 'lyrical/positive', 'balanced/positive', 'pedalling/positive', 'conveyed/positive']|['lightness/positive', 'elegance/positive', 'dynamic/positive', 'poise/positive', 'unevenness/negative']
NYBARegg|['buoyant/positive', 'flow/positive', 'monotone/negative', 'lively/positive', 'variation/negative']|['controlled/positive', 'natural/positive', 'contrast/negative', 'dominant/negative', 'cantabile/positive']
NebeyZYa|['expressive/positive', 'lyrical/positive', 'colorful/positive', 'rubato/negative', 'inconsistent/negative']|['bold/positive', 'accurate/positive', 'cohesive/positive', 'imprecise/negative', 'unsteady/negative']
NjGwjlwy|['steady/positive', 'tidy/positive', 'tonal/positive', 'voicing/negative', 'phrasing/negative']|['dramatic/positive', 'bright/positive', 'momentum/negative', 'uneven/negative', 'projection/positive']
NleAVPYP|['sophisticated/positive', 'expressive/positive', 'balanced/positive', 'unsteady/negative', 'blurred/negative']|['bright/positive', 'energised/positive', 'communicative/positive', 'unpolished/negative', 'rushed/negative']
NylGpqnp|['momentum/positive', 'confidence/positive', 'projection/positive', 'evenness/positive', 'crushed/negative']|['jocular/positive', 'variety/positive', 'inconsistency/negative', 'verve/positive', 'definition/positive']
OKdWDkGJ|['flexible/positive', 'reliable/positive', 'pedal/positive', 'expressive/positive', 'atmospheric/positive']|['controlled/positive', 'accurate/positive', 'dainty/positive', 'subtleties/positive', 'lapses/negative']
OKqxWAJY|['tempo/positive', 'pedalling/positive', 'accentuation/negative', 'phrasing/negative', 'reflective/positive']|['playful/positive', 'articulation/positive', 'synchronised/positive', 'balance/negative', 'urgency/negative']
ONWWNryw|['expressive/positive', 'nuanced/positive', 'fluid/positive', 'underpowered/negative', 'assured/positive']|['bright/positive', 'fiery/positive', 'harsh/negative', 'varied/positive', 'accomplished/positive']
OZwveKjw|['decisive/positive', 'sparkling/positive', 'accurate/positive', 'confident/positive', 'unsettled/negative']|['romantic/positive', 'expressive/positive', 'dexterous/positive', 'inconsistent/negative', 'overdone/negative']
OZxpevxk|['brisk/positive', 'agile/positive', 'bright/positive', 'even/positive', 'uncoordinated/negative']|['balanced/positive', 'coordinated/positive', 'poised/positive', 'reliable/positive', 'misaligned/negative']
ObQmJDbe|['expressive/positive', 'flowing/positive', 'appropriate/positive', 'dominant/negative', 'warmth/positive']|['colorful/positive', 'poised/positive', 'heavy/negative', 'inaccurate/negative', 'engaging/positive']
OdQGrPLr|['bright/positive', 'sprightly/positive', 'projection/negative', 'breezy/positive', 'fluency/positive']|['crisp/positive', 'narrative/positive', 'smudged/negative', 'underdetailed/negative', 'engagement/positive']
OgrRRQrP|['crisp/positive', 'energised/positive', 'balanced/positive', 'projected/positive', 'imprecise/negative']|['strong/positive', 'purposeful/positive', 'committed/positive', 'poised/positive', 'unclear/negative']
OmnlVDEV|['engaging/positive', 'articulation/positive', 'dexterity/positive', 'smudge/negative', 'precise/positive']|['beautiful/positive', 'vivacity/positive', 'effervescent/negative', 'pauses/negative', 'artistry/positive']
PAzwdYkw|['bold/positive', 'lively/positive', 'contrasts/positive', 'slips/negative', 'focus/positive']|['angry/negative', 'uneven/negative', 'projected/positive', 'character/positive', 'intense/positive']
PKzLBdkZ|['energetic/positive', 'buoyant/positive', 'untidy/negative', 'imprecise/negative', 'vitality/positive']|['articulation/positive', 'contrast/positive', 'intimacy/positive', 'inflexible/negative', 'overemphasis/negative']
PQDgxjbe|['lyrical/positive', 'nuanced/positive', 'unsteady/negative', 'underdeveloped/negative', 'elegant/positive']|['jaunty/positive', 'buoyant/positive', 'unstable/negative', 'meticulous/positive', 'blemishes/negative']
PQnLeMjQ|['agile/positive', 'overemphasised/negative', 'lyricism/positive', 'reliable/positive', 'pedalling/negative']|['flowing/positive', 'trills-heavy/negative', 'interplay/positive', 'shaping/positive', 'pedalling/negative']
PgMnaaKN|['in', 'tense/positive', 'dramatic/positive', 'incisive/positive', 'inconsistent/negative', 'characterful/positive']|['unsteady/negative', 'lightness/positive', 'sparkle/positive', 'imprecise/negative', 'accurate/positive']
PjLQwxgg|['expressive/positive', 'warm/positive', 'legato/positive', 'balanced/positive', 'unsettling/negative']|['characterful/positive', 'clarity/positive', 'continuity/positive', 'unsteady/negative', 'blemishes/negative']
PkpkaQNG|['lively/positive', 'flowing/positive', 'unsteady/negative', 'crisp/positive', 'controlled/positive']|['warm/positive', 'steady/positive', 'unrhythmic/negative', 'lyrical/positive', 'understated/negative']
QAvOLDrW|['energetic/positive', 'confident/positive', 'lift/positive', 'rhythmic/positive', 'understated/negative']|['secure/positive', 'underprojected/negative', 'shaping/positive', 'danceable/positive', 'poised/positive']
QNlDzqyk|['groove/positive', 'secure/positive', 'emphatic/positive', 'limited/negative', 'conviction/negative']|['poignant/positive', 'warm/positive', 'reflective/positive', 'lyrical/positive', 'understated/negative']
QPnPbVdX|['enterprising/positive', 'dexterity/positive', 'spirited/positive', 'inaccuracies/negative', 'unevenness/negative']|['well-paced/positive', 'romantic/positive', 'balanced/positive', 'pedaling/negative', 'rhythmic/negative']
QjlJDjJM|['bright/positive', 'projected/positive', 'varied/positive', 'accurate/positive', 'unsteady/negative']|['legato/positive', 'focused/positive', 'clear/positive', 'limited/negative', 'uneven/negative']
QlLYjEvP|['eng', 'energetic/positive', 'expressive/positive', 'brilliant/positive', 'imprecise/negative', 'slowed/negative']|['crisp/positive', 'lively/positive', 'unclear/negative', 'engaging/positive', 'poised/positive']
QpelDLNJ|['bright/positive', 'sparkling/positive', 'conversational/positive', 'musical/positive', 'poised/positive']|['colorful/positive', 'uneven/negative', 'dynamic/positive', 'conviction/positive', 'enjoyment/positive']
QrKmLVnN|['tidy/positive', 'assured/positive', 'measured/negative', 'nuance/negative', 'secure/positive']|['colorful/positive', 'subtle/positive', 'slips/negative', 'seamless/negative', 'focused/positive']
RKedPYva|['precise/positive', 'accurate/positive', 'confident/positive', 'unstable/negative', 'blurred/negative']|['defined/positive', 'assured/positive', 'dramatic/positive', 'static/negative', 'clarity/negative']
RLnEDnnr|['expressive/positive', 'soulful/positive', 'balanced/positive', 'flexible/positive', 'error/negative']|['purposeful/positive', 'spirited/positive', 'consistent/positive', 'confident/positive', 'imprecise/negative']
ROPMXDQj|['bold/positive', 'confident/positive', 'coordinated/positive', 'weak/negative', 'engaging/positive']|['delicate/positive', 'smooth/positive', 'uncoordinated/negative', 'persuasive/positive', 'appropriate/positive']
RQpwkyDJ|['timeless/positive', 'thoughtful/positive', 'inexact/negative', 'graceful/positive', 'expressive/positive']|['energetic/positive', 'hurried/negative', 'imprecise/negative', 'dramatic/positive', 'assured/positive']
RRRergEQ|['stylistic/positive', 'accurate/positive', 'ornaments/positive', 'vigour/negative', 'illuminating/positive']|['mobility/positive', 'verve/positive', 'hesitation/negative', 'pedalling/negative', 'sincerity/positive']
RYYLWzlD|['stylish/positive', 'precise/positive', 'character/positive', 'accurate/positive', 'evenness/negative']|['expressive/positive', 'smooth/positive', 'richness/positive', 'lyrical/positive', 'imbalance/negative']
RedeNMvd|['driving/positive', 'committed/positive', 'loose/negative', 'unbalanced/negative', 'attack/positive']|['poised/positive', 'warm/positive', 'undifferentiated/negative', 'secure/positive', 'personal/positive']
RmEeZWZq|['tranquil/positive', 'expressive/positive', 'inconsistent/negative', 'uneven/negative', 'peaceful/positive']|['stylish/positive', 'measured/positive', 'colorful/positive', 'imprecise/negative', 'inconsistent/negative']
RnKZOPnx|['buoyant/positive', 'vitality/positive', 'articulation/positive', 'flexibility/negative', 'metronomic/negative']|['cantabile/positive', 'engagement/positive', 'phrasing/negative', 'legato/negative', 'dynamics/positive']
RnZwobDX|['momentum/positive', 'energetic/positive', 'sustained/positive', 'characterisation/positive', 'inconsistent/negative']|['calm/positive', 'lilting/positive', 'balanced/positive', 'expressive/positive', 'uneven/negative']
RnndVvrg|['bright/positive', 'buoyant/positive', 'sloppy/negative', 'disruptive/negative', 'clarity/positive']|['exciting/positive', 'assured/positive', 'energetic/positive', 'varied/positive', 'understated/negative']
RpPjADGg|['stylish/positive', 'accurate/positive', 'coordinated/positive', 'characterful/positive', 'vibrancy/negative']|['purposeful/positive', 'sentimental/positive', 'uneasy/negative', 'colourful/positive', 'inconsistent/negative']
RwZWRXem|['cheerful/positive', 'crisp/positive', 'uneven/negative', 'unsettled/negative', 'shaping/positive']|['unhurried/positive', 'somber/positive', 'blurred/negative', 'expressive/negative', 'steady/positive']
RxAEbJPP|['bold/positive', 'secure/positive', 'harsh/negative', 'crisp/positive', 'shaping/positive']|['vibrant/positive', 'projected/positive', 'vigorous/positive', 'blurred/negative', 'coordinated/positive']
VWaZvLak|['neat/positive', 'dynamic/positive', 'accuracy/positive', 'control/positive', 'rhythm/negative']|['projected/positive', 'dynamics/positive', 'clarity/negative', 'legato/negative', 'focus/positive']
VXoPAZdM|['spirited/positive', 'imbalanced/negative', 'unstable/negative', 'underdeveloped/negative', 'recovered/positive']|['well-judged/positive', 'uneven/negative', 'disjointed/negative', 'nuance/negative', 'expressive/positive']
VZEKxnlN|['secure/positive', 'precise/positive', 'controlled/positive', 'reserved/negative', 'poised/positive']|['emotive/positive', 'expressive/positive', 'dexterous/positive', 'unsteady/negative', 'mature/positive']
VaRARAoR|['confident/positive', 'lively/positive', 'unpolished/negative', 'unfocused/negative', 'dynamic/positive']|['bold/positive', 'articulate/positive', 'engaging/positive', 'lyrical/positive', 'pacing/negative']
VeyKmzGk|['lightness/positive', 'clarity/positive', 'confident/positive', 'balance/positive', 'shaping/negative']|['legato/positive', 'projection/positive', 'haunting/positive', 'poise/positive', 'bold/negative']
VklKmmXR|['bold/positive', 'energetic/positive', 'judicious/positive', 'unsteady/negative', 'secure/positive']|['lively/positive', 'detached/positive', 'controlled/positive', 'humour/positive', 'blemishes/negative']
VnnjRVVz|['buoyant/positive', 'articulate/positive', 'clear/positive', 'polished/positive', 'underexplored/negative']|['rhythmic/positive', 'spirited/positive', 'playful/positive', 'focused/negative', 'engaging/positive']
VqlNBybx|['lively/positive', 'buoyancy/positive', 'unfocused/negative', 'confident/positive', 'clarity/positive']|['delicate/positive', 'dynamics/positive', 'expression/positive', 'elasticity/positive', 'improvement/negative']
VrbGdwXB|['crisp/positive', 'alert/positive', 'vivid/positive', 'neat/positive', 'limited/negative']|['smooth/positive', 'sparkling/positive', 'evenness/negative', 'stylish/positive', 'reliable/positive']
VvYDbYWz|['fluid/positive', 'gentle/positive', 'reflective/positive', 'understated/negative', 'flat/negative']|['energetic/positive', 'purposeful/positive', 'varied/positive', 'inconsistent/negative', 'uncertain/negative']
VwxxzWaA|['fluent/positive', 'lively/positive', 'elegant/positive', 'imprecise/negative', 'secure/positive']|['crisp/positive', 'colourful/positive', 'secure/positive', 'inaccurate/negative', 'poised/positive']
WGbKrRRx|['energetic/positive', 'buoyant/positive', 'unconvincing/negative', 'unbalanced/negative', 'colourful/positive']|['secure/positive', 'expressive/positive', 'muted/negative', 'unstructured/negative', 'polished/positive']
WNNZGxlD|['playful/positive', 'evenly/positive', 'cohesive/positive', 'efficient/positive', 'dynamic/positive']|['sustained/positive', 'expressive/positive', 'languid/negative', 'strong/negative', 'sensitively/positive']
WQoQaqNO|['lilt/positive', 'phrasing/positive', 'balanced/positive', 'reliable/positive', 'energy/negative']|['delicate/positive', 'coordinated/positive', 'unevenness/negative', 'fluent/positive', 'lyrical/positive']
WaNLzgGp|['expressive/positive', 'bright/positive', 'colourful/positive', 'uneven/negative', 'awkward/negative']|['driven/positive', 'accurate/positive', 'articulate/positive', 'inconsistent/negative', 'sparkle/negative']
WgjLKqlA|['rustic/positive', 'uneven/negative', 'decisive/positive', 'flexible/positive', 'accurate/positive']|['flow/positive', 'varied/positive', 'unsteady/negative', 'engaging/positive', 'focused/positive']
WlVaxnjk|['assured/positive', 'evenness/positive', 'clarity/positive', 'uneven/negative', 'rush/negative']|['warmth/positive', 'shaping/positive', 'abrupt/negative', 'intrusive/negative', 'convincing/positive']
WlowRDpA|['charismatic/positive', 'vivacious/positive', 'imaginative/positive', 'insightful/positive', 'pizzazz/positive']|['energetic/positive', 'committed/positive', 'groovy/positive', 'gritty/positive', 'clipped/negative']
WnvlLodQ|['rhythmic/positive', 'unhurried/positive', 'assured/positive', 'colorful/positive', 'unpolished/negative']|['tempo/positive', 'articulation/positive', 'attack/negative', 'balance/negative', 'recovery/positive']
WpmXDOLw|['energetic/positive', 'crisp/positive', 'uneven/negative', 'robust/positive', 'focused/positive']|['relaxed/positive', 'flowing/positive', 'angular/negative', 'expressive/positive', 'poise/positive']
WpoYbvxY|['gentle/positive', 'sensitive/positive', 'uneven/negative', 'projection/negative', 'calm/positive']|['crisp/positive', 'buoyancy/positive', 'energy/positive', 'staccato/positive', 'balanced/positive']
WyGpbLPm|['poised/positive', 'balanced/positive', 'expressive/positive', 'tidy/positive', 'precise/positive']|['excellent/positive', 'convincing/positive', 'sparkling/positive', 'inconsistent/negative', 'robust/positive']
WzgnRoXL|['fluid/positive', 'precise/positive', 'articulate/positive', 'understated/negative', 'stylish/positive']|['vigorous/positive', 'delicate/positive', 'smudgy/negative', 'assured/positive', 'bold/positive']
WzvKVmAp|['expressive/positive', 'imprecise/negative', 'hurrying/negative', 'accurate/positive', 'creative/positive']|['measured/positive', 'nimble/positive', 'underenergized/negative', 'uncoordinated/negative', 'reliable/positive']
XAjMmmel|['lively/positive', 'elegance/positive', 'poise/positive', 'hesitation/negative', 'balance/negative']|['buoyant/positive', 'momentum/positive', 'hesitation/negative', 'direction/negative', 'panache/positive']
XBRJjaDe|['authoritative/positive', 'discrepant/negative', 'expressive/positive', 'assured/positive', 'nuanced/positive']|['crisp/positive', 'fluent/positive', 'clarity/positive', 'tempo-variations/negative', 'stillness/negative']
XEYypZRX|['sprightly/positive', 'buoyant/positive', 'uncoordinated/negative', 'underarticulated/negative', 'poised/positive']|['energetic/positive', 'bright/positive', 'balanced/positive', 'fluent/positive', 'effervescent/positive']
XJLkNOgz|['lilting/positive', 'assured/positive', 'convincing/positive', 'detailed/positive', 'uneven/negative']|['lightness/positive', 'security/positive', 'clarity/negative', 'evenness/negative', 'characterful/positive']
XNLWbzxW|['accurate/positive', 'poised/positive', 'uneven/negative', 'imbalanced/negative', 'stylistic/positive']|['calm/positive', 'focused/positive', 'gentle/positive', 'reserved/negative', 'inconsistent/negative']
XOjOgAPk|['adept/positive', 'bright/positive', 'unsteady/negative', 'shaping/positive', 'energetic/positive']|['robust/positive', 'arresting/positive', 'colourful/positive', 'precise/positive', 'convincing/positive']
XVqAjJeQ|['brisk/positive', 'accurate/positive', 'spirited/positive', 'buoyant/positive', 'inconsistent/negative']|['flowing/positive', 'warming/positive', 'blurred/negative', 'erratic/negative', 'cohesive/positive']
XewowpaX|['flexible/positive', 'expressive/positive', 'charming/positive', 'rubato/positive', 'blurred/negative']|['bright/positive', 'articulated/positive', 'undefined/negative', 'inconsistent/negative', 'controlled/positive']
XkpzzbYV|['cohesive/positive', 'efficient/positive', 'uneven/negative', 'incomplete/negative', 'paced/positive']|['lilting/positive', 'reflective/positive', 'synchronized/positive', 'strong/negative', 'expressive/positive']
XmrEdeJe|['assured/positive', 'legato/positive', 'unrhythmic/negative', 'hesitant/negative', 'nuanced/positive']|['elegant/positive', 'clear/positive', 'unrhythmic/negative', 'unsteady/negative', 'lyrical/positive']
XoDDzyqr|['balanced/positive', 'rubato/positive', 'shaping/positive', 'intonation/negative', 'rhythm/negative']|['lightness/positive', 'playfulness/positive', 'staccato/positive', 'unevenness/negative', 'buoyancy/positive']
XyxGYJxp|['steady/positive', 'coordinated/positive', 'untidy/negative', 'fluent/positive', 'inconsistent/negative']|['clear/positive', 'reliable/positive', 'balanced/positive', 'unsteady/negative', 'dynamic/positive']
YDDQEnXy|['agile/positive', 'lively/positive', 'balanced/positive', 'reliable/positive', 'reserved/negative']|['precise/positive', 'delicate/positive', 'controlled/positive', 'fluent/positive', 'undetailed/negative']
YDZVKdAq|['bright/positive', 'secure/positive', 'vivacious/positive', 'imprecise/negative', 'focused/positive']|['crisp/positive', 'confident/positive', 'poised/positive', 'uneven/negative', 'expressive/positive']
ZKvzdogJ|['flowing/positive', 'deviations/negative', 'unevenness/negative', 'pedal/positive', 'pulse/negative']|['accomplished/positive', 'confident/positive', 'engaging/positive', 'expressive/positive', 'polished/positive']
ZORLYBjj|['lively/positive', 'bold/positive', 'characterful/positive', 'spirited/positive', 'uneven/negative']|['sensitively/positive', 'flowing/positive', 'warm/positive', 'secure/positive', 'delayed/negative']
ZYbWmGkk|['textured/positive', 'clear/positive', 'tidy/positive', 'expressive/positive', 'subdued/negative']|['relaxed/positive', 'swing/positive', 'misplacements/negative', 'voicing/negative', 'clarity/positive']
ZrwqwLVD|['smooth/positive', 'balanced/positive', 'articulation/positive', 'coordinated/positive', 'vibrant/positive']|['calm/positive', 'atmospheric/positive', 'controlled/positive', 'blurring/negative', 'lyrical/positive']
aAJQAlZg|['lilting/positive', 'gentle/positive', 'unstable/negative', 'directionless/negative', 'together/positive']|['energised/positive', 'clear/positive', 'fragile/negative', 'conclusive/positive', 'colourless/negative']
aEvJoolk|['spirited/positive', 'bright/positive', 'unevenness/negative', 'ornamentation/positive', 'colour/positive']|['hushed/positive', 'urgent/negative', 'controlled/positive', 'convincing/negative', 'contrast/positive']
aMVJMWWb|['witty/positive', 'stylistic/positive', 'engaging/positive', 'nimble/positive', 'accurate/positive']|['characterful/positive', 'attack/positive', 'pizzazz/positive', 'exuberant/positive', 'jazzy/positive']
aOzPnxOe|['luminous/positive', 'fluent/positive', 'shaped/positive', 'uneven/negative', 'convincing/positive']|['playful/positive', 'light/positive', 'precise/positive', 'confident/positive', 'underexplored/negative']
aRyxMGmJ|['bright/positive', 'lively/positive', 'firm/positive', 'robust/positive', 'contrast/negative']|['legato/positive', 'pedalling/positive', 'confident/positive', 'focused/positive', 'flexibility/negative']
aVYdQlxV|['Crisp/positive', 'Articulate/positive', 'Agile/positive', 'Blemish/negative', 'Poised/positive']|['Engaging/positive', 'Professional/positive', 'Dynamic/positive', 'Vivacious/positive', 'Persuasive/positive']
aVlGbqxz|['tenderness/positive', 'balanced/positive', 'clarity/positive', 'slowness/negative', 'uneasy/negative']|['expressive/positive', 'lyricism/positive', 'accurate/positive', 'slower/negative', 'uneasy/negative']
aWOyMVMM|['articulated/positive', 'secure/positive', 'bold/negative', 'phrasing/positive', 'definition/positive']|['lively/positive', 'ease/positive', 'flow/positive', 'rushing/negative', 'central/negative']
abQwbqdr|['bright/positive', 'light/positive', 'neat/positive', 'confident/positive', 'uneven/negative']|['sprightly/positive', 'jaunty/positive', 'buoyant/positive', 'engaging/positive', 'lacking/negative']
aexxEDQR|['sensitive/positive', 'intense/positive', 'defined/positive', 'smudged/negative', 'expressive/positive']|['flamboyant/positive', 'precise/positive', 'errors/negative', 'forthright/positive', 'professional/positive']
ajVAXwQO|['controlled/positive', 'accurate/positive', 'frenetic/negative', 'imprecise/negative', 'energetic/positive']|['lyrical/positive', 'rubato/positive', 'misplacements/negative', 'blur/negative', 'focused/positive']
aonWnDPe|['steady/positive', 'slip/negative', 'spirited/positive', 'confident/positive', 'flow/positive']|['crisp/positive', 'clear/positive', 'dynamic/positive', 'irregular/negative', 'expressive/positive']
araXWMwG|['crisp/positive', 'light/positive', 'colourful/positive', 'shapely/positive', 'stylish/positive']|['expressive/positive', 'colourful/positive', 'melodic/positive', 'firm/negative', 'nuanced/positive']
bRogakON|['accurate/positive', 'articulate/positive', 'projected/positive', 'uneven/negative', 'tidier/negative']|['expressive/positive', 'vivid/positive', 'imprecise/negative', 'stumbles/negative', 'colourful/positive']
bXGznzWr|['well-paced/positive', 'characterful/positive', 'unbalanced/negative', 'fluent/positive', 'assured/positive']|['sombre/positive', 'legato/positive', 'rubato/negative', 'imbalanced/negative', 'ornate/positive']
bXgaxKVj|['colourful/positive', 'secure/positive', 'focused/positive', 'energetic/positive', 'uneasy/negative']|['lyrical/positive', 'expressive/positive', 'projected/positive', 'untidy/negative', 'poignant/positive']
blYXXQMo|['articulate/positive', 'vibrant/positive', 'stylish/positive', 'imprecise/negative', 'poised/positive']|['dynamic/positive', 'elegant/positive', 'balanced/positive', 'bright/positive', 'understated/negative']
blYaZAgM|['playful/positive', 'dialogue/positive', 'inconsistent/negative', 'weightless/negative', 'expressive/positive']|['exuberant/positive', 'colourful/positive', 'smudges/negative', 'limited/negative', 'confident/positive']
bmeZkqvv|['bright/positive', 'clarity/positive', 'crisp/positive', 'inconsistent/negative', 'rushed/negative']|['assured/positive', 'staccato/positive', 'overbright/negative', 'untidy/negative', 'bold/positive']
bpjalxzZ|['fluent/positive', 'energetic/positive', 'neat/positive', 'over-projected/negative', 'varied/positive']|['confident/positive', 'bright/positive', 'heavy/negative', 'detached/negative', 'graded/positive']
bqrkLARK|['unhurried/positive', 'unstable/negative', 'unified/positive', 'reflective/positive', 'enjoyment/positive']|['energetic/positive', 'uneven/negative', 'refined/positive', 'coordinated/positive', 'inconsistent/negative']
dABdwvXA|['poised/positive', 'warm/positive', 'highlighted/positive', 'thoughtful/positive', 'nuanced/positive']|['confident/positive', 'clouded/negative', 'spacious/positive', 'expressive/positive', 'ethereal/positive']
dBoOQwnY|['crisp/positive', 'bold/positive', 'colourful/positive', 'engaging/positive', 'imprecise/negative']|['lively/positive', 'accurate/positive', 'dynamic/positive', 'unsteady/negative', 'promising/positive']
dDXpnbKB|['bold/positive', 'precise/positive', 'cautious/negative', 'static/negative', 'effective/positive']|['expressive/positive', 'balanced/positive', 'poised/positive', 'careful/positive', 'flow/negative']
dVvGLwAZ|['energetic/positive', 'rhythmic/positive', 'quirky/positive', 'flair/positive', 'imbalanced/negative']|['controlled/positive', 'expressive/positive', 'warm/positive', 'decisive/positive', 'inconsistent/negative']
dVzbZZgV|['smooth/positive', 'fluent/positive', 'expressive/positive', 'dynamic/positive', 'controlled/positive']|['driven/positive', 'coordinated/positive', 'momentum/positive', 'pulse/negative', 'confident/positive']
dYxJkYRW|['bright/positive', 'focused/positive', 'inconsistent/negative', 'irregular/negative', 'vivid/positive']|['bold/positive', 'colorful/positive', 'unsteady/negative', 'fragile/negative', 'authentic/positive']
dezEwVPR|['bright/positive', 'contouring/positive', 'intonation/negative', 'inconsistent/negative', 'ornamentation/positive']|['contrasting/positive', 'projection/positive', 'phrasing/positive', 'overrubato/negative', 'accuracy/positive']
dkNMgOaq|['purposeful/positive', 'austere/positive', 'unsubtle/negative', 'capable/positive', 'convincing/positive']|['controlled/positive', 'energetic/positive', 'confident/positive', 'sprightly/positive', 'heavy-handed/negative']
doXYGXKj|['synchronised/positive', 'articulate/positive', 'polished/positive', 'stylish/positive', 'cheeky/positive']|['expressive/positive', 'colourful/positive', 'soulful/positive', 'lapse/negative', 'secure/positive']
eAjZqAwq|['buoyant/positive', 'energetic/positive', 'crisp/positive', 'inconsistent/negative', 'expressive/positive']|['tender/positive', 'reflective/positive', 'legato/positive', 'poised/positive', 'uneven/negative']
edlNBqbx|['accurate/positive', 'creative/positive', 'evenness/negative', 'verve/positive', 'panache/positive']|['precise/positive', 'control/positive', 'articulation/negative', 'dynamics/negative', 'jocular/positive']
ejLrnonO|['expressive/positive', 'clear/positive', 'controlled/positive', 'imprecise/negative', 'overdone/negative']|['bold/positive', 'clear/positive', 'varied/positive', 'imprecise/negative', 'jogged/negative']
empQpgJl|['expressive/positive', 'bold/positive', 'convincing/positive', 'robust/positive', 'monotone/negative']|['bright/positive', 'energetic/positive', 'bold/positive', 'stagnant/negative', 'tidy/negative']
eyGNgaGw|['expressive/positive', 'secure/positive', 'contoured/positive', 'inconsistent/negative', 'imprecise/negative']|['delicate/positive', 'clear/positive', 'poised/positive', 'laboured/negative', 'flexible/negative']
gBJQLAJq|['forward-flowing/positive', 'synchronised/positive', 'unevenness/negative', 'elegance/negative', 'dramatic/positive']|['uplifting/positive', 'crisp/positive', 'overshadowed/negative', 'rubato/positive', 'slip/negative']
gDoZkXyY|['lyrical/positive', 'expressive/positive', 'balanced/positive', 'unstable/negative', 'unclear/negative']|['bright/positive', 'adept/positive', 'jazzy/positive', 'blemishes/negative', 'assured/positive']
gDonwArb|['projected/positive', 'accurate/positive', 'prominent/negative', 'committed/positive', 'shape/positive']|['brisk/positive', 'lively/positive', 'smudge/negative', 'controlled/positive', 'contrast/positive']
gGDvKvdN|['brisk/positive', 'agile/positive', 'bright/positive', 'precise/positive', 'polished/positive']|['steady/positive', 'lilting/positive', 'balanced/positive', 'expressive/positive', 'rubato/positive']
gXjJGLMP|['flow/positive', 'ethereal/positive', 'smudged/negative', 'hasty/negative', 'warm/positive']|['projected/positive', 'sweet/positive', 'untidy/negative', 'unclear/negative', 'poised/positive']
gYyyxZnl|['polished/positive', 'phrasing/positive', 'motifs/positive', 'articulation/positive', 'momentum/negative']|['expressive/positive', 'fluidity/positive', 'nuances/positive', 'confident/positive', 'presence/positive']
gmrZXPmp|['engergised/positive', 'fluent/positive', 'articulated/positive', 'rhythm/negative', 'pitch/positive']|['lyrical/positive', 'atmospheric/positive', 'confident/positive', 'poise/positive', 'inconsistencies/negative']
gpJWeyXz|['bright/positive', 'clean/positive', 'coordinated/positive', 'accurate/positive', 'clipped/negative']|['smooth/positive', 'delicate/positive', 'rushed/negative', 'controlled/positive', 'poised/positive']
gqAjOrGw|['balanced/positive', 'precise/positive', 'neatly-placed/positive', 'colourful/positive', 'reduced-legato/negative']|['coloristic/positive', 'delicate/positive', 'fluid/positive', 'impressive/positive', 'underwhelming/negative']
groQNxKL|['serene/positive', 'accurate/positive', 'imbalanced/negative', 'expressive/positive', 'cantabile/positive']|['soothing/positive', 'enterprising/positive', 'understated/negative', 'dominant/negative', 'precise/positive']
jBRrNZqa|['confident/positive', 'crisp/positive', 'flamboyance/positive', 'blurring/negative', 'assurance/positive']|['subtlety/negative', 'tapering/negative', 'poise/positive', 'fluency/positive', 'vigour/positive']
jVErdOxz|['strong/positive', 'incisive/positive', 'expressive/positive', 'vibrant/positive', 'cohesive/positive']|['clear/positive', 'nuanced/positive', 'bold/positive', 'controlled/positive', 'imprecise/negative']
jjMBwgjn|['flair/positive', 'even/positive', 'inconsistency/negative', 'clarity/negative', 'poised/positive']|['rubato/positive', 'tonality/positive', 'focus/positive', 'slips/negative', 'consistency/negative']
jldpvzkW|['expressive/positive', 'dynamic/positive', 'climactic/positive', 'rubato/positive', 'uneven/negative']|['articulation/positive', 'momentum/positive', 'conviction/positive', 'unsettled/negative', 'inconsistent/negative']
jvDAORWz|['expressive/positive', 'dramatic/positive', 'secure/positive', 'focused/positive', 'unsteady/negative']|['evocative/positive', 'flexible/positive', 'lucid/positive', 'precise/positive', 'understated/negative']
jwEKVKll|['shaped/positive', 'articulation/positive', 'phrasing/positive', 'balanced/positive', 'untidy/negative']|['assured/positive', 'bold/positive', 'distinct/positive', 'transitions/positive', 'rushed/negative']
jxdaKZMr|['confident/positive', 'coordinated/positive', 'rhythmic/positive', 'hesitancy/negative', 'restrained/negative']|['bright/positive', 'precise/positive', 'cohesive/positive', 'rhythmic/positive', 'premature/negative']
jyEXpNaB|['energetic/positive', 'cohesive/positive', 'legato/positive', 'flexible/positive', 'unsteady/negative']|['warm/positive', 'lyrical/positive', 'balanced/positive', 'inconsistent/negative', 'expressive/positive']
kANEVmYZ|['fluent/positive', 'coordinated/positive', 'legato/positive', 'untidy/negative', 'restrained/negative']|['careful/positive', 'neat/positive', 'cautious/negative', 'hesitant/negative', 'secure/positive']
kKxQrNzO|['expressive/positive', 'confident/positive', 'stylish/positive', 'energised/positive', 'unevenness/negative']|['buoyant/positive', 'consistent/positive', 'determined/positive', 'disruptive/negative', 'fragile/negative']
kLVxbZoJ|['vivid/positive', 'secure/positive', 'uneven/negative', 'misplacement/negative', 'convincing/positive']|['poised/positive', 'focused/positive', 'blemishes/negative', 'inconsistent/negative', 'colourful/positive']
kLpLXWmw|['secure/positive', 'unsteady/negative', 'articulate/positive', 'spirited/positive', 'limited/negative']|['brisk/positive', 'secure/positive', 'articulation/positive', 'unbalanced/negative', 'engaging/positive']
kOzwAbGb|['lively/positive', 'accurate/positive', 'imprecise/negative', 'uneven/negative', 'dance-like/positive']|['melancholy/positive', 'mystery/positive', 'steady/positive', 'hurried/negative', 'delicate/positive']
kQYdgppD|['sparkling/positive', 'clarity/positive', 'detail/positive', 'dexterity/positive', 'unevenness/negative']|['flow/positive', 'rubato/positive', 'sensitivity/positive', 'conviction/positive', 'space/negative']
keDVqKOw|['sensitive/positive', 'unsteady/negative', 'lyrical/positive', 'insightful/positive', 'cohesive/positive']|['energetic/positive', 'vivid/positive', 'uneven/negative', 'engaged/positive', 'accurate/positive']
keXBOaOK|['brilliant/positive', 'lively/positive', 'energetic/positive', 'coordinated/positive', 'limited/negative']|['delicate/positive', 'controlled/positive', 'nuanced/positive', 'assured/positive', 'engaging/positive']
klQPDrPG|['buoyant/positive', 'expressive/positive', 'monotone/negative', 'lively/positive', 'inconsistent/negative']|['energetic/positive', 'untidy/negative', 'precise/positive', 'confident/positive', 'varied/positive']
knnQrXNJ|['nuanced/positive', 'tasteful/positive', 'expressive/positive', 'detached/negative', 'imbalance/negative']|['steady/positive', 'projected/positive', 'rigid/negative', 'colorful/positive', 'cohesive/positive']
kvODDEKJ|['energetic/positive', 'articulate/positive', 'misaligned/negative', 'uneven/negative', 'poised/positive']|['elegant/positive', 'graceful/positive', 'rushed/negative', 'stumbles/negative', 'shaping/positive']
lBmRMGaP|['bright/positive', 'fluent/positive', 'controlled/positive', 'secure/positive', 'precise/positive']|['cohesive/positive', 'momentum/positive', 'incisive/negative', 'balanced/positive', 'crisp/positive']
lDvgbqRr|['lively/positive', 'clarity/positive', 'rigid/negative', 'colour/negative', 'contrast/negative']|['bounce/positive', 'articulation/positive', 'heavy/negative', 'colour/positive', 'contrast/negative']
lENjnpZo|['regal/positive', 'confident/positive', 'projection/negative', 'delicacy/negative', 'drama/positive']|['lilting/positive', 'flexible/positive', 'dancing/positive', 'nuanced/positive', 'poised/positive']
lEZeRxmw|['flexible/positive', 'buoyant/positive', 'pitchy/negative', 'inconsistent/negative', 'dull/negative']|['vivacious/positive', 'bright/positive', 'insecure/negative', 'composed/positive', 'erratic/negative']
lKPwWWPn|['expressive/positive', 'lyrical/positive', 'rubato/negative', 'pedal/negative', 'secure/positive']|['accurate/positive', 'continuous/positive', 'slower/negative', 'louder/negative', 'inconsistent/negative']
lXdjPvJO|['evocative/positive', 'dynamic/positive', 'imbalanced/negative', 'unclear/negative', 'stagnant/negative']|['crisp/positive', 'bold/positive', 'colourful/positive', 'lyrical/positive', 'unbalanced/negative']
lXnkxDrE|['Energetic/positive', 'Convincing/positive', 'Uneven/negative', 'Insecure/negative', 'Vitality/positive']|['Haunting/positive', 'Cantabile/positive', 'Judicious/positive', 'Unsteady/negative', 'Sonorous/positive']
laPRZaJK|['Spirited/positive', 'Vital/positive', 'Compelling/positive', 'Imprecise/negative', 'Inconsistent/negative']|['Weighty/positive', 'Solid/positive', 'Dynamic/positive', 'Well-defined/positive', 'Uneven/negative']
lxmjgNoV|['legato/positive', 'balanced/positive', 'secure/positive', 'shaping/negative', 'detail/negative']|['sustained/positive', 'dynamic/positive', 'projected/negative', 'cautious/negative', 'memorised/positive']
mAnOWAke|['elegant/positive', 'assured/positive', 'fluent/positive', 'slip/negative', 'projection/negative']|['grasped/positive', 'distinct/positive', 'unbalanced/negative', 'insufficient/negative', 'energetic/negative']
mPDwZxBr|['spirited/positive', 'buoyancy/positive', 'slip/negative', 'emphatic/positive', 'inconsistency/negative']|['melodic/positive', 'legato/positive', 'fluency/positive', 'persuasive/positive', 'assurance/positive']
mXXOzyqg|['confident/positive', 'assured/positive', 'distinctive/positive', 'attack/negative', 'dynamics/negative']|['expressive/positive', 'dreamy/positive', 'balance/negative', 'nuances/negative', 'phrasing/positive']
mXylBYro|['elegance/positive', 'flow/positive', 'confident/positive', 'inconsistency/negative', 'climax/positive']|['energy/positive', 'bounce/positive', 'contrast/negative', 'articulation/positive', 'vitality/positive']
mazlbJYZ|['graceful/positive', 'tasteful/positive', 'even/positive', 'controlled/positive', 'underdeveloped/negative']|['rubato/positive', 'elegant/positive', 'defined/positive', 'faltering/negative', 'intensity/negative']
mkDrBewA|['vibrant/positive', 'articulated/positive', 'crisp/positive', 'confident/positive', 'inconsistent/negative']|['flowing/positive', 'accurate/positive', 'atmospheric/positive', 'blurred/negative', 'lacking/negative']
nAoplGjW|['controlled/positive', 'rhythmic/positive', 'confident/positive', 'rushed/negative', 'swagger/positive']|['percussive/positive', 'precise/positive', 'expressive/positive', 'dynamic/positive', 'rushed/negative']
nBraKlAA|['expressive/positive', 'cohesive/positive', 'assured/positive', 'controlled/positive', 'improvement/negative']|['expressive/positive', 'developing/positive', 'directed/positive', 'characterful/positive', 'poised/positive']
nDRxXzyk|['staccato/positive', 'secure/positive', 'fluent/positive', 'underdeveloped/negative', 'sensitive/positive']|['vibrant/positive', 'bright/positive', 'momentum/positive', 'lacking/negative', 'conveyed/positive']
nLYkoaga|['sombre/positive', 'soft/positive', 'projection/negative', 'blurred/negative', 'improvement/positive']|['tarantella/positive', 'articulate/positive', 'lively/positive', 'involvement/positive', 'personality/positive']
nLyGkbkG|['precise/positive', 'coordinated/positive', 'controlled/positive', 'sluggish/negative', 'monotone/negative']|['evocative/positive', 'energised/positive', 'uneven/negative', 'lagging/negative', 'understated/negative']
nQakMNZB|['sweet/positive', 'sensitive/positive', 'coordinated/positive', 'poised/positive', 'assured/positive']|['depth/positive', 'steady/positive', 'shaped/positive', 'sparkle/positive', 'overemphasised/negative']
nWxWwzXB|['sensitive/positive', 'robust/positive', 'accurate/positive', 'poised/positive', 'inconsistency/negative']|['crisp/positive', 'firm/positive', 'grounded/positive', 'inconsistency/negative', 'projection/positive']
naRgDWpb|['momentum/positive', 'buoyant/positive', 'emerging/positive', 'imprecise/negative', 'understated/negative']|['lively/positive', 'flowing/positive', 'characterful/positive', 'imbalanced/negative', 'stillness/negative']
nbkpKzrb|['expressive/positive', 'poised/positive', 'flowing/positive', 'sensitive/positive', 'stilted/negative']|['descriptive/positive', 'measured/positive', 'rhythmic/positive', 'dynamic/positive', 'intense/positive']
nnvPoNkX|['paced/positive', 'precise/positive', 'expressive/positive', 'stumble/negative', 'stable/positive']|['drive/positive', 'aggression/negative', 'detail/positive', 'in-tune/positive', 'fluency/positive']
nrXQQeRx|['nimble/positive', 'buoyant/positive', 'accurate/positive', 'decisive/positive', 'hurrying/negative']|['detailed/positive', 'characterful/positive', 'precise/positive', 'enthusiastic/positive', 'uneven/negative']
nvLDYLOk|['articulation/positive', 'energetic/positive', 'nuanced/positive', 'poised/positive', 'deviation/negative']|['sensitive/positive', 'imaginative/positive', 'accurate/positive', 'misjudgement/negative', 'expressive/positive']
nwvogkjE|['brisk/positive', 'dynamic/positive', 'characterful/positive', 'inconsistent/negative', 'drawn-out/negative']|['accurate/positive', 'stumbles/negative', 'blurred/negative', 'warm/positive', 'poised/positive']
nzQokKxY|['focused/positive', 'secure/positive', 'lyrical/positive', 'bold/positive', 'inconsistent/negative']|['projected/positive', 'cohesive/positive', 'colorful/positive', 'expressive/positive', 'overlooked/negative']
oBmkkmYw|['assured/positive', 'even/positive', 'fluent/positive', 'unenergetic/negative', 'underexpressive/negative']|['legato/positive', 'grasp/positive', 'unrefined/negative', 'blurred/negative', 'unexpressive/negative']
oJXbzVqG|['precise/positive', 'energetic/positive', 'uneven/negative', 'insecure/negative']|['bold/positive', 'swing/negative', 'paced/positive', 'colorful/positive', 'unclear/negative']
oLglGezP|['buoyant/positive', 'precise/positive', 'stumbles/negative', 'instability/negative', 'engaging/positive']|['warm/positive', 'relaxed/positive', 'missed/negative', 'balanced/positive', 'expressive/positive']
oNDzZOLg|['energetic/positive', 'robust/positive', 'uneven/negative', 'lyrical/positive', 'assured/positive']|['elegant/positive', 'fluent/positive', 'shaping/positive', 'engaging/positive', 'uncoordinated/negative']
odmZXaMy|['elegant/positive', 'refined/positive', 'controlled/positive', 'understated/negative', 'potential/positive']|['delicate/positive', 'calm/positive', 'coordinated/positive', 'buoyancy/positive', 'split/negative']
ojOrMVzW|['articulate/positive', 'buoyant/positive', 'fluent/positive', 'coordinated/positive', 'underpowered/negative']|['legato/positive', 'colourful/positive', 'precise/positive', 'engaged/positive', 'unrefined/negative']
oqWBMvrX|['cohesive/positive', 'warm/positive', 'projected/positive', 'fluid/positive', 'limited/negative']|['legato/positive', 'momentum/positive', 'overpowering/negative', 'hesitations/negative', 'expressive/positive']
ovwNvmAm|['fluent/positive', 'graceful/positive', 'lyrical/positive', 'precise/positive', 'untidy/negative']|['warm/positive', 'legato/positive', 'fluent/positive', 'expressive/positive', 'unsteady/negative']
pElXPmqG|['energetic/positive', 'seamless/positive', 'articulate/positive', 'buoyant/positive', 'engaging/positive']|['inconsistent/negative', 'insecure/negative', 'imprecise/negative', 'unsteady/negative', 'fluctuating/negative']
pRmlQjRZ|['lyrical/positive', 'consistent/positive', 'gaps/negative', 'unbalanced/negative', 'accurate/positive']|['vibrant/positive', 'alert/positive', 'flair/positive', 'variety/negative', 'confident/positive']
pVrXKMNX|['clear/positive', 'buoyant/positive', 'uneven/negative', 'monochrome/negative', 'contrast/negative']|['bright/positive', 'assured/positive', 'forward/positive', 'articulation/positive', 'hesitation/negative']
pdvjjlXQ|['lively/positive', 'bounce/positive', 'uneven/negative', 'brilliant/positive', 'detail/negative']|['warmth/positive', 'sensitivity/positive', 'flexibility/positive', 'conviction/negative', 'dynamics/positive']
plmNBDVZ|['sincere/positive', 'warmth/positive', 'pedalling/negative', 'grace/positive', 'expressive/positive']|['brisk/positive', 'directed/positive', 'blemishes/negative', 'colours/positive', 'inconsistent/negative']
qExWpAvN|['gentle/positive', 'graceful/positive', 'coordinated/positive', 'dominant/negative', 'blocked/negative']|['bold/positive', 'metered/positive', 'softening/negative', 'transmitted/positive', 'serene/positive']
qONKxnLW|['vivacity/positive', 'shaping/positive', 'excitement/positive', 'accurate/positive', 'untapped/negative']|['flexibility/positive', 'voicing/positive', 'sentimentality/positive', 'accuracy/positive', 'nuance/negative']
qYeGedvA|['expressive/positive', 'freedom/positive', 'mistimed/negative', 'verve/positive', 'individuality/positive']|['accurate/positive', 'driven/positive', 'inconsistent/negative', 'vivacious/positive', 'imaginative/positive']
qaPRBadY|['expressive/positive', 'smooth/positive', 'uneven/negative', 'intrusive/negative', 'gentle/positive']|['bright/positive', 'confident/positive', 'heavy/negative', 'imbalanced/negative', 'controlled/positive']
qaPpEwgW|['steady/positive', 'precise/positive', 'reliable/positive', 'outward/positive', 'lacking/negative']|['depth/positive', 'secure/positive', 'expressive/positive', 'misplaced/negative', 'slips/negative']
qgXerZZJ|['lively/positive', 'uneven/negative', 'defined/positive', 'shaping/negative', 'flow/positive']|['depth/positive', 'blurring/negative', 'projection/positive', 'tapering/negative', 'atmosphere/positive']
qjgdaOeg|['balanced/positive', 'secure/positive', 'unstable/negative', 'crisp/negative', 'dynamic/positive']|['precise/positive', 'sprightly/positive', 'purposeful/positive', 'vibrant/negative', 'expressive/negative']
qlpKOrOx|['expressive/positive', 'nuanced/positive', 'natural/positive', 'colorful/positive', 'outstanding/positive']|['assured/positive', 'characterful/positive', 'vibrant/positive', 'confident/positive', 'harsh/negative']
qplvLGOd|['brisk/positive', 'crisp/positive', 'buoyant/positive', 'sprightly/positive', 'varied/positive']|['darker/positive', 'graceful/positive', 'sensitive/positive', 'expressive/positive', 'clouded/negative']
qwwNmyrw|['fluent/positive', 'characterful/positive', 'coordinated/positive', 'untidy/negative', 'hesitant/negative']|['steady/positive', 'legato/positive', 'reliable/positive', 'unsteady/negative', 'slips/negative']
qxmWZAgX|['poised/positive', 'gentle/positive', 'nuanced/positive', 'blemishes/negative', 'unsteady/negative']|['expressive/positive', 'flowing/positive', 'inconsistent/negative', 'pedalling/negative', 'cautious/negative']
rEPlyWNV|['clear/positive', 'full-bodied/positive', 'monotone/negative', 'limited/negative', 'energetic/positive']|['buoyant/positive', 'varied/positive', 'dominant/negative', 'lacking/negative', 'expressive/negative']
rEbnRJWv|['elegant/positive', 'poised/positive', 'uneven/negative', 'clear/positive', 'assured/positive']|['colorful/positive', 'nuanced/positive', 'projected/positive', 'inconsistent/negative', 'poised/positive']
rJdNAvAM|['lively/positive', 'balanced/positive', 'fluent/positive', 'articulate/positive', 'unimaginative/negative']|['convincing/positive', 'energetic/positive', 'imprecise/negative', 'secure/positive', 'inconsistent/negative']
rLXBXKeM|['assured/positive', 'hesitant/negative', 'fluent/positive', 'limited/negative', 'rhythmic/positive']|['cheerful/positive', 'secure/positive', 'uncertain/negative', 'wavering/negative', 'restricted/negative']
rQxnxEqj|['assured/positive', 'coordinated/positive', 'clarity/positive', 'untidy/negative', 'blemishes/negative']|['characterful/positive', 'crisp/positive', 'coordinated/positive', 'hurrying/negative', 'blemishes/negative']
rjBjJMav|['expressive/positive', 'unity/positive', 'phrasing/positive', 'conversational/positive', 'unevenness/negative']|['vibrant/positive', 'energetic/positive', 'articulation/positive', 'unevenness/negative', 'limited/negative']
rjOjPJvE|['bright/positive', 'energetic/positive', 'buoyant/positive', 'joyful/positive', 'poised/positive']|['coordinated/positive', 'precise/positive', 'balanced/positive', 'lively/positive', 'imprecise/negative']
rlQkElWD|['colorful/positive', 'elegant/positive', 'neat/positive', 'definitive/positive', 'unpersuasive/negative']|['detailed/positive', 'dexterity/positive', 'eloquent/positive', 'rhythmic/positive', 'poise/negative']
rpJOygqq|['lilting/positive', 'projected/positive', 'buoyant/positive', 'uneven/negative', 'disruptive/negative']|['flowing/positive', 'secure/positive', 'contrasted/positive', 'evocative/positive', 'blemish/negative']
vJMqJljN|['dolce/positive', 'lilting/positive', 'hesitant/negative', 'timbre/negative', 'expression/negative']|['energetic/positive', 'conviction/positive', 'vivid/positive', 'dynamic/positive', 'finish/positive']
vMBmlJwj|['flow/positive', 'lively/positive', 'tonality/negative', 'warmth/negative', 'smudging/negative']|['precision/positive', 'balance/positive', 'brightness/positive', 'engaging/positive', 'virtuosic/positive']
vZyZLyEe|['confident/positive', 'fluent/positive', 'coordinated/positive', 'untidy/negative', 'spacious/positive']|['crisp/positive', 'untidy/negative', 'momentum/positive', 'unsteady/negative', 'bold/positive']
vamGdKEL|['vibrant/positive', 'clarity/positive', 'bold/positive', 'rushed/negative', 'untidy/negative']|['confident/positive', 'graceful/positive', 'fluid/positive', 'unrhythmic/negative', 'irregular/negative']
vkrRLDar|['articulation/positive', 'tempo/positive', 'elegance/positive', 'inaccuracies/negative', 'imbalance/negative']|['colour/positive', 'articulation/positive', 'focus/positive', 'pacing/negative', 'inconsistency/negative']
vqgzQGro|['rubato/positive', 'grace/positive', 'bright/positive', 'accurate/positive', 'fluency/negative']|['lively/positive', 'staccato/positive', 'contrasts/positive', 'slips/negative', 'secure/positive']
vrJBaora|['flowing/positive', 'lyrical/positive', 'steady/positive', 'blemishes/negative', 'hesitations/negative']|['clear/positive', 'steady/positive', 'jazzy/positive', 'accent/positive', 'hesitations/negative']
vrbqNVpm|['paced/positive', 'buoyant/positive', 'imprecise/negative', 'unvaried/negative', 'legato/positive']|['accurate/positive', 'fluent/positive', 'expressive/positive', 'clarity/positive', 'articulation/positive']
wBXJvOJB|['bright/positive', 'fluent/positive', 'energised/positive', 'clean/positive', 'imprecise/negative']|['atmospheric/positive', 'lyrical/positive', 'expressive/positive', 'smooth/positive', 'harsh/negative']
wGmNoadd|['bright/positive', 'precision/positive', 'hesitation/negative', 'stumbles/negative', 'character/positive']|['imprecise/negative', 'safe/negative', 'defined/positive', 'dynamic/positive', 'intent/positive']
wJLEyovx|['bright/positive', 'cheery/positive', 'slips/negative', 'enterprising/positive', 'precise/positive']|['conviction/positive', 'vitality/positive', 'smudged/negative', 'syncopated/positive', 'inaccuracies/negative']
wKlzvXBJ|['driving/positive', 'energetic/positive', 'flair/positive', 'uneven/negative', 'inconsistent/negative']|['tender/positive', 'smooth/positive', 'warm/positive', 'incomplete/negative', 'sincere/positive']
wMDkEOGE|['secure/positive', 'warm/positive', 'inconsistent/negative', 'phrasing/positive', 'waning/negative']|['graceful/positive', 'momentum/positive', 'hesitant/negative', 'blemishes/negative', 'poised/positive']
wdkAEolY|['expressive/positive', 'lilting/positive', 'imbalanced/negative', 'controlled/positive', 'conclusive/positive']|['playful/positive', 'uneven/negative', 'forensic/negative', 'enjoyment/positive', 'sparkle/positive']
wwkJdvqJ|['authentic/positive', 'confident/positive', 'defined/positive', 'expressive/positive', 'unsteady/negative']|['ethereal/positive', 'atmospheric/positive', 'assured/positive', 'inaccurate/negative', 'blemished/negative']
wxMqMkRz|['bright/positive', 'accurate/positive', 'evenness/positive', 'clarity/positive', 'articulation/positive']|['haunting/positive', 'flexible/positive', 'imprecise/negative', 'slips/negative', 'poised/positive']
xAYJPvWJ|['expressive/positive', 'rubato/positive', 'legato/positive', 'exploration/positive', 'projection/negative']|['brightness/positive', 'nuance/positive', 'clarity/negative', 'lightness/negative', 'projection/negative', '']
xKNzlbam|['bright/positive', 'secure/positive', 'inconsistent/negative', 'engaging/positive', 'overworked/negative']|['steady/positive', 'restrained/positive', 'overworked/negative', 'lacking/negative', 'varied/positive']
xLrYLJam|['focus/positive', 'bright/positive', 'secure/positive', 'uneven/negative', 'dynamics/negative']|['articulation/positive', 'bounce/positive', 'energy/positive', 'unclean/negative', 'tempo/negative']
xOjNqzlN|['lively/positive', 'precise/positive', 'balanced/positive', 'harsh/negative', 'vivacious/positive']|['direction/positive', 'flow/positive', 'balance/positive', 'harshness/negative', 'rubato/positive']
xYJwKbNZ|['conviction/positive', 'clarity/positive', 'dynamics/positive', 'imprecision/negative', 'panache/positive']|['lush/positive', 'defined/positive', 'emphasized/positive', 'blemishes/negative', 'nuance/positive']
xaAQwPAG|['expressive/positive', 'warm/positive', 'inconsistent/negative', 'lyrical/positive', 'precise/positive']|['energetic/positive', 'convincing/positive', 'understated/negative', 'characterful/positive', 'sequenced/positive']
xawnlepM|['legato/positive', 'cantabile/positive', 'tender/positive', 'assured/positive', 'momentum/negative']|['crisp/positive', 'staccato/positive', 'jaunty/positive', 'bright/positive', 'drive/negative']
xjPPbXJb|['articulation/positive', 'balance/positive', 'textures/positive', 'pedalling/positive', 'inaccuracy/negative']|['poignant/positive', 'lyrical/positive', 'accurate/positive', 'flowing/positive', 'misjudgements/negative']
yAjlmZlo|['charm/positive', 'solid/positive', 'blemishes/negative', 'hesitations/negative', 'momentum/positive']|['energetic/positive', 'neat/positive', 'hurried/negative', 'untidy/negative', 'focused/positive']
yEbGvzAl|['crisp/positive', 'lively/positive', 'danceable/positive', 'inconsistent/negative', 'marring/negative']|['sparkling/positive', 'measured/positive', 'bright/positive', 'slowing/negative', 'uneven/negative']
yJAWDxEM|['pacing/positive', 'rhythms/positive', 'pedalling/negative', 'phrasing/negative', 'expressive/positive']|['rhythmic/positive', 'articulation/positive', 'poise/negative', 'clarity/negative', 'ornaments/negative']
yPPVvXlq|['tempo/positive', 'articulation/positive', 'detail/negative', 'flexibility/negative', 'dynamics/positive']|['unforced/positive', 'pulse/positive', 'contrast/negative', 'buoyancy/positive', 'vitality/positive']
yRmQdZpJ|['evocative/positive', 'sensitive/positive', 'lyrical/positive', 'incohesive/negative', 'controlled/positive']|['bright/positive', 'imprecise/negative', 'coordinated/positive', 'monotone/negative', 'fluent/positive']
yWVQlDoY|['coordinated/positive', 'energised/positive', 'crisp/positive', 'unbalanced/negative', 'inconsistent/negative']|['bold/positive', 'poised/positive', 'shaping/positive', 'inconsistent/negative', 'limited/negative']
yWzNbvkL|['controlled/positive', 'flexible/positive', 'flamboyant/positive', 'untidy/negative', 'authentic/positive']|['bright/positive', 'dynamic/positive', 'unfocused/negative', 'engaging/positive', 'controlled/positive']
yYjPoBRX|['sensitively/positive', 'accurate/positive', 'dynamic/positive', 'warm/positive', 'imprecise/negative']|['energetic/positive', 'buoyant/positive', 'articulated/positive', 'imprecise/negative', 'committed/positive']
yeomdDqb|['sensitive/positive', 'colourful/positive', 'weak/negative', 'imprecise/negative', 'legato/positive']|['contrasts/positive', 'tempo/positive', 'neatness/negative', 'assured/positive', 'committed/positive']
ynEWnlda|['delicate/positive', 'mood/positive', 'warmth/positive', 'flow/positive', 'focus/positive']|['well-defined/positive', 'articulation/positive', 'consistent/positive', 'accurate/positive', 'phrasing/positive']
yqgYvKnK|['energetic/positive', 'dramatic/positive', 'sparkling/positive', 'vibrant/positive', 'imperfect/negative']|['lilting/positive', 'colourful/positive', 'articulate/positive', 'cohesive/positive', 'imbalanced/negative.']
ywMYYvJv|['lively/positive', 'uneven/negative', 'bright/positive', 'sustained/positive', 'glitchy/negative']|['sensitive/positive', 'engaged/positive', 'emotive/positive', 'expressive/positive', 'immersive/positive']
zJwooAyD|['lively/positive', 'untidy/negative', 'momentum/positive', 'accents/positive', 'phrasing/positive']|['gentle/positive', 'expressive/positive', 'uneven/negative', 'balanced/positive', 'contrasted/positive']
zZKkPYJK|['well-timed/positive', 'clear/positive', 'heavy/negative', 'rigid/negative', 'flowing/positive']|['buoyant/positive', 'monotone/negative', 'rigid/negative', 'lively/positive', 'secure/positive']
zaaNvybl|['lively/positive', 'bright/positive', 'dynamic/positive', 'imprecise/negative', 'uneven/negative']|['poised/positive', 'fluent/positive', 'rhythmic/positive', 'tonal/positive', 'confident/positive']
NwkXAqXr|['energised/positive', 'consistent/positive', 'delays/negative', 'underdeveloped/negative', 'paced/positive']|['resolve/positive', 'relaxed/positive', 'disjointed/negative', 'undefined/negative', 'stylish/positive']
qJavRvBb|['confident/positive', 'lively/positive', 'accented/positive', 'colourful/positive', 'slowed/negative']|['crisp/positive', 'flowing/positive', 'uneven/negative', 'pedal-warmed/positive', 'expressive/positive']
bVoWyqPg|['confident/positive', 'brisk/positive', 'well-defined/positive', 'convincing/positive', 'untidy/negative']|['calm/positive', 'soft/positive', 'well-judged/positive', 'lilt/positive', 'understated/negative']
